1,0,0,0,"2025-07-23 16:48:02"
2,0,0,0,"2025-07-23 16:48:04"
3,0,0,0,"2025-07-23 16:48:07"
4,0,0,0,"2025-07-23 16:48:10"
7,0,0,0,"2025-07-23 16:57:17"
1,0,0,0,"2025-07-23 17:52:13"
7,0,0,1,"2025-07-23 17:53:44"
1,0,0,2,"2025-07-23 17:53:48"
1,0,0,5,2025-08-27 03:12:41
1,0,0,2,2025-08-27 03:15:04
1,0,0,2,2025-10-01 01:56:41
1,0,0,1,2025-10-01 08:58:44
1,0,0,11,2025-10-01 08:59:15
2,0,0,11,2025-10-01 08:59:16
3,0,0,10,2025-10-01 08:59:17
1,0,0,3,2025-10-01 08:59:32
1,0,0,3,2025-10-01 09:01:22
2,0,0,3,2025-10-01 09:01:23
3,0,0,3,2025-10-01 09:01:24
1,0,0,7,2025-10-01 09:01:35
2,0,0,7,2025-10-01 09:01:36
3,0,0,8,2025-10-01 09:01:38
4,0,0,8,2025-10-01 09:01:39
5,0,0,8,2025-10-01 09:01:39
6,0,0,8,2025-10-01 09:01:40
7,0,0,9,2025-10-01 09:01:41
8,0,0,9,2025-10-01 09:01:42
1,0,0,1,2025-10-01 09:10:05
